time_ms,tonic_spikes_per_trial,phasic_spikes_per_trial
2.5,0.0,0.0
7.5,100.0,100.0
12.5,0.0,0.0
17.5,0.0,0.0
22.5,0.0,0.0
27.5,0.0,0.0
32.5,0.0,0.0
37.5,0.0,0.0
42.5,0.0,0.0
47.5,0.0,0.0
52.5,0.0,0.0
57.5,0.0,0.0
62.5,0.0,0.0
67.5,0.0,0.0
72.5,0.0,0.0
77.5,0.0,0.0
82.5,0.0,0.0
87.5,0.0,0.0
92.5,0.0,0.0
97.5,0.0,0.0
102.5,0.0,0.0
107.5,0.0,0.0
112.5,0.0,100.0
117.5,0.0,0.0
122.5,0.0,0.0
127.5,0.0,0.0
132.5,0.0,0.0
137.5,0.0,0.0
142.5,0.0,0.0
147.5,0.0,0.0
152.5,0.0,0.0
157.5,0.0,0.0
162.5,0.0,0.0
167.5,0.0,0.0
172.5,0.0,0.0
177.5,0.0,0.0
182.5,0.0,0.0
187.5,0.0,0.0
192.5,0.0,0.0
197.5,0.0,0.0
202.5,0.0,0.0
207.5,100.0,100.0
212.5,0.0,0.0
217.5,0.0,0.0
222.5,0.0,0.0
227.5,0.0,0.0
232.5,100.0,0.0
237.5,0.0,0.0
242.5,0.0,0.0
247.5,0.0,0.0
252.5,0.0,0.0
257.5,100.0,0.0
262.5,0.0,100.0
267.5,0.0,0.0
272.5,0.0,100.0
277.5,0.0,0.0
282.5,0.0,0.0
287.5,0.0,0.0
292.5,0.0,0.0
297.5,0.0,0.0
302.5,0.0,0.0
307.5,0.0,0.0
312.5,0.0,0.0
317.5,0.0,0.0
322.5,0.0,0.0
327.5,0.0,0.0
332.5,0.0,0.0
337.5,100.0,0.0
342.5,0.0,0.0
347.5,0.0,0.0
352.5,0.0,0.0
357.5,0.0,0.0
362.5,0.0,100.0
367.5,0.0,0.0
372.5,100.0,0.0
377.5,0.0,0.0
382.5,0.0,0.0
387.5,0.0,0.0
392.5,0.0,0.0
397.5,0.0,0.0
402.5,0.0,0.0
407.5,0.0,0.0
412.5,0.0,0.0
417.5,0.0,0.0
422.5,0.0,0.0
427.5,0.0,0.0
432.5,0.0,0.0
437.5,0.0,0.0
442.5,0.0,0.0
447.5,0.0,0.0
452.5,0.0,0.0
457.5,0.0,0.0
462.5,0.0,0.0
467.5,0.0,0.0
472.5,0.0,0.0
477.5,0.0,0.0
482.5,0.0,0.0
487.5,0.0,0.0
492.5,0.0,0.0
497.5,0.0,0.0
502.5,0.0,0.0
507.5,0.0,0.0
512.5,0.0,0.0
517.5,0.0,0.0
522.5,100.0,0.0
527.5,0.0,0.0
532.5,0.0,0.0
537.5,0.0,0.0
542.5,0.0,0.0
547.5,0.0,0.0
552.5,0.0,0.0
557.5,0.0,0.0
562.5,0.0,100.0
567.5,0.0,0.0
572.5,0.0,0.0
577.5,0.0,0.0
582.5,0.0,0.0
587.5,0.0,0.0
592.5,0.0,0.0
597.5,0.0,100.0
602.5,0.0,0.0
607.5,0.0,0.0
612.5,0.0,0.0
617.5,100.0,0.0
622.5,0.0,0.0
627.5,0.0,0.0
632.5,0.0,0.0
637.5,0.0,0.0
642.5,0.0,0.0
647.5,0.0,0.0
652.5,0.0,0.0
657.5,0.0,0.0
662.5,0.0,0.0
667.5,0.0,0.0
672.5,0.0,0.0
677.5,100.0,0.0
682.5,0.0,0.0
687.5,0.0,0.0
692.5,0.0,0.0
697.5,0.0,0.0
702.5,0.0,0.0
707.5,0.0,0.0
712.5,0.0,0.0
717.5,0.0,0.0
722.5,0.0,0.0
727.5,0.0,0.0
732.5,0.0,100.0
737.5,0.0,0.0
742.5,0.0,0.0
747.5,0.0,0.0
752.5,0.0,0.0
757.5,0.0,0.0
762.5,0.0,0.0
767.5,0.0,0.0
772.5,0.0,0.0
777.5,0.0,0.0
782.5,0.0,0.0
787.5,0.0,100.0
792.5,0.0,0.0
797.5,0.0,0.0
802.5,0.0,0.0
807.5,0.0,0.0
812.5,100.0,0.0
817.5,0.0,81.0
822.5,0.0,19.0
827.5,0.0,98.0
832.5,0.0,2.0
837.5,0.0,0.0
842.5,0.0,0.0
847.5,0.0,0.0
852.5,0.0,0.0
857.5,100.0,0.0
862.5,0.0,0.0
867.5,0.0,0.0
872.5,0.0,0.0
877.5,0.0,0.0
882.5,0.0,0.0
887.5,0.0,0.0
892.5,0.0,0.0
897.5,0.0,0.0
902.5,100.0,0.0
907.5,0.0,0.0
912.5,0.0,0.0
917.5,0.0,0.0
922.5,0.0,0.0
927.5,0.0,0.0
932.5,0.0,0.0
937.5,0.0,0.0
942.5,0.0,0.0
947.5,100.0,0.0
952.5,0.0,0.0
957.5,0.0,0.0
962.5,0.0,0.0
967.5,0.0,0.0
972.5,0.0,0.0
977.5,0.0,0.0
982.5,0.0,0.0
987.5,0.0,0.0
992.5,0.0,0.0
997.5,0.0,0.0
1002.5,0.0,68.0
1007.5,0.0,32.0
1012.5,0.0,100.0
1017.5,0.0,0.0
1022.5,0.0,0.0
1027.5,100.0,0.0
1032.5,0.0,0.0
1037.5,0.0,0.0
1042.5,0.0,0.0
1047.5,0.0,0.0
1052.5,0.0,0.0
1057.5,0.0,0.0
1062.5,0.0,100.0
1067.5,0.0,0.0
1072.5,0.0,0.0
1077.5,0.0,0.0
1082.5,100.0,0.0
1087.5,0.0,0.0
1092.5,0.0,0.0
1097.5,0.0,0.0
1102.5,0.0,0.0
1107.5,0.0,0.0
1112.5,0.0,73.0
1117.5,0.0,26.0
1122.5,0.0,0.0
1127.5,0.0,0.0
1132.5,0.0,0.0
1137.5,0.0,0.0
1142.5,0.0,0.0
1147.5,0.0,0.0
1152.5,0.0,0.0
1157.5,0.0,0.0
1162.5,0.0,0.0
1167.5,0.0,0.0
1172.5,100.0,0.0
1177.5,0.0,0.0
1182.5,0.0,0.0
1187.5,0.0,0.0
1192.5,0.0,0.0
1197.5,0.0,0.0
1202.5,100.0,0.0
1207.5,0.0,0.0
1212.5,0.0,99.0
1217.5,0.0,0.0
1222.5,0.0,0.0
1227.5,0.0,0.0
1232.5,0.0,0.0
1237.5,0.0,0.0
1242.5,0.0,0.0
1247.5,0.0,0.0
1252.5,0.0,0.0
1257.5,0.0,0.0
1262.5,0.0,0.0
1267.5,0.0,0.0
1272.5,0.0,0.0
1277.5,0.0,0.0
1282.5,0.0,0.0
1287.5,0.0,0.0
1292.5,100.0,0.0
1297.5,0.0,0.0
1302.5,94.0,0.0
1307.5,0.0,0.0
1312.5,0.0,0.0
1317.5,0.0,0.0
1322.5,0.0,0.0
1327.5,0.0,0.0
1332.5,0.0,0.0
1337.5,0.0,0.0
1342.5,0.0,0.0
1347.5,0.0,0.0
1352.5,0.0,0.0
1357.5,0.0,0.0
1362.5,0.0,0.0
1367.5,0.0,100.0
1372.5,98.0,0.0
1377.5,0.0,0.0
1382.5,0.0,0.0
1387.5,0.0,0.0
1392.5,0.0,0.0
1397.5,0.0,0.0
1402.5,0.0,0.0
1407.5,0.0,0.0
1412.5,0.0,0.0
1417.5,100.0,0.0
1422.5,0.0,0.0
1427.5,0.0,0.0
1432.5,0.0,0.0
1437.5,0.0,0.0
1442.5,0.0,0.0
1447.5,0.0,0.0
1452.5,0.0,0.0
1457.5,0.0,0.0
1462.5,100.0,0.0
1467.5,0.0,0.0
1472.5,0.0,0.0
1477.5,0.0,0.0
1482.5,0.0,0.0
1487.5,0.0,100.0
1492.5,0.0,0.0
1497.5,0.0,0.0
1502.5,0.0,0.0
1507.5,0.0,0.0
1512.5,0.0,100.0
1517.5,0.0,0.0
1522.5,0.0,0.0
1527.5,0.0,0.0
1532.5,0.0,0.0
1537.5,0.0,0.0
1542.5,0.0,0.0
1547.5,0.0,0.0
1552.5,0.0,0.0
1557.5,0.0,0.0
1562.5,100.0,0.0
1567.5,0.0,0.0
1572.5,0.0,0.0
1577.5,0.0,0.0
1582.5,0.0,0.0
1587.5,0.0,0.0
1592.5,0.0,0.0
1597.5,100.0,100.0
